"Transitivity","Stem","Definition"
"Intransitive","आ","<ul><li>to come, approach, arrive, reach (a place or point)<ul><li>मैं अभी आता हूँ। ― ma͠i abhī ātā hū̃. ― I'll come right now.</li><li>Antonym: जाना (jānā)</li></ul></li><li>to enter, appear</li><li>(of a skill, such as a language) to be acquired or known [+dative by]; to be fluent<ul><li>मुझे (थोड़ी) हिंदी आती है। ― mujhe (thoṛī) hindī ātī hai. ― I know (a little) Hindi. (literally, “Hindi comes to me.”)</li></ul></li><li>to be perceived or felt [+dative by]<ul><li>मुझे ख़्याल आया। ― mujhe xyāl āyā. ― The thought struck me</li></ul></li><li>to come to pass, befall</li><li>to grow (of crops, fruit), develop, come into vogue (of a word or usage), be inflamed (of a boil)</li><li>to take on a form or guise<ul><li>बड़ा आया दफ़्तर में काम करनेवाला ― baṛā āyā daftar mẽ kām karnevālā ― (please add an English translation of this usage example)</li></ul></li><li>to rise, overflow</li><li>to sit well [+में on], fit</li><li>to beseem, grace</li><li>to be intent [+पर on]</li><li>to issue, be voided</li><li>to be completed, perfected (of a dish, work, etc)</li><li>to be contained, held [+में inanimate]<ul><li>(figurative) to be taken in or deceived by</li></ul></li><li>to be obtained, purchased [+में or dative/को for a price]</li><li>auxiliary verb: gives a sense of perfective aspect (completed action) but also the doer returns after doing the action<ul><li>कर आना ― kar ānā ― to do (and return)</li></ul></li><li>coming, arrival</li><li>an anna (1⁄16 of an Indian rupee)</li><li>(by extension) one sixteenth of any item</li></ul>"
"Intransitive","उग","<ul><li>to grow</li><li>to produce (as crops).</li></ul>"
"Intransitive","उठ","<ul><li>to rise, to rise up</li><li>stand up, get up<ul><li>यह कुर्सी से बिल्कुल उठता नहीं।yah kursī se bilkul uṭhtā nahī̃.He never gets up from his chair.</li></ul></li><li>to rise ( as of a river, tides in sea &c.)</li><li>to awaken<ul><li>Synonyms: जागना (jāgnā), जगना (jagnā)</li></ul></li><li>to spring up, to shoot<ul><li>वो देखो धरती से पोधा उठ गया ― vo dekho dhartī se podhā uṭh gayā ― (please add an English translation of this usage example)</li></ul></li><li>to be effaced, erased or cleared<ul><li>दिल में से शांति उठ गई ― dil mẽ se śānti uṭh gaī ― (please add an English translation of this usage example)</li></ul></li><li>to be withdrawn, get carried off or removed<ul><li>to be stolen</li></ul></li><li>to come (as of pain &c.)<ul><li>आँख मे दर्द उठा। ― ā̃kh me dard uṭhā. ― (please add an English translation of this usage example)</li></ul></li><li>to arise (as of storm or disturbance)<ul><li>ये कैसी हलचल उठी। ― ye kaisī halcal uṭhī. ― (please add an English translation of this usage example)</li></ul></li><li>to break out (as of riot, epidemic)<ul><li>भूत के वजह से समाज मे उठा एक दंगा।bhūt ke vajah se samāj me uṭhā ek daṅgā.(please add an English translation of this usage example)</li></ul></li><li>to originate<ul><li>आखिर ये अजीब-सी समस्या उठी कहाँ से?ākhir ye ajīb-sī samasyā uṭhī kahā̃ se?(please add an English translation of this usage example)</li></ul></li><li>to be derived (advantage, pleasure)<ul><li>ये अनार्य काम करने पे मजे उठतें हैं।ye anārya kām karne pe maje uṭhtẽ ha͠i.(please add an English translation of this usage example)</li></ul></li><li>to arise (a question)<ul><li>एक सवाल उठा जिसका जवाब मैं नहीं दे पाया।ek savāl uṭhā jiskā javāb ma͠i nahī̃ de pāyā.A question arose that I could not answer.</li></ul></li><li>to be spent<ul><li>पैसे उठ गए ― paise uṭh gae ― money was spent</li></ul></li><li>to be removed<ul><li>खाना मेज़ से अपने आप नहीं उठेगा।khānā mez se apne āp nahī̃ uṭhegā.The food on the table won't be removed by itself.</li></ul></li><li>(with either transitive or intransitive verbs) an element of a compound verb: indicates sudden action<ul><li>रो उठना ― ro uṭhnā ― to cry out</li><li>चिल्ला उठना ― cillā uṭhnā ― to tell, scream</li></ul></li></ul>"
"Intransitive","उड़","<ul><li>to fly, soar, glide<ul><li>मैं आकाश में उड़ना चाहता हूँ!ma͠i ākāś mẽ uṛnā cāhtā hū̃!I want to fly in the sky!</li></ul></li><li>(of an airplane) to take off</li><li>to dim, fuse<ul><li>मेरे कमरे का बल्ब फिर से उड़ गया।mere kamre kā balb phir se uṛ gayā.The light in my room fused again.</li></ul></li><li>to explode, be bombed<ul><li>गैस लीक के वजह से इमारत उड़ गई।gais līk ke vajah se imārat uṛ gaī.The building exploded due to the gas leak.</li></ul></li></ul>"
"Intransitive","उतर","<ul><li>to get down</li><li>to descend, dismount<ul><li>अपने घोड़े से उतरो और मेरे साथ आओ।apne ghoṛe se utro aur mere sāth āo.Get off your horse and follow me.</li><li>सीढ़ियाँ उतरना ― sīṛhiyā̃ utarnā ― to go down stairs</li></ul></li><li>to land (a plane)</li><li>to come down with<ul><li>लगता है कि मुझे बुख़ार उतर गया है।lagtā hai ki mujhe buxār utar gayā hai.I think I've come down with a fever.</li></ul></li><li>to wear off, fade, disappear<ul><li>नशा उतरना ― naśā utarnā ― to gain back one's senses</li><li>रंग उतरना ― raṅg utarnā ― to fade</li></ul></li><li>to be paid off<ul><li>Synonym: चुकना (cuknā)</li></ul></li></ul>"
"Intransitive","उबाल","<ul><li>to boil<ul><li>पानी को कम से कम तिन मिनट के लिए उबालो, फिर चाय की पत्ति डालो।pānī ko kam se kam tin minaṭ ke lie ubālo, phir cāy kī patti ḍālo.Boil the water for at least three minutes, then add tea leaves.</li></ul></li></ul>"
"Intransitive","ऊब","<ul><li>to be bored, apathetic</li></ul>"
"Intransitive","कट","<ul><li>to be cut; to be bitten</li><li>to be written out (of a check)<ul><li>चेक तुम्हारे नाम पे नहीं कटा था।cek tumhāre nām pe nahī̃ kaṭā thā.The check was not written out in your name.</li></ul></li><li>to be cut down in battle, killed</li><li>to be struck off (e.g. a list); to disappear, be removed<ul><li>वह क्लास लिस्ट से कट गया।vah klās lisṭ se kaṭ gayā.He was struck out from the class list.</li></ul></li><li>to be spent (of money, time, etc.)</li><li>(colloquial) to make off, to leave<ul><li>Synonyms: कट लेना (kaṭ lenā), कट जाना (kaṭ jānā), चले जाना (cale jānā), निकलना (nikalnā), निकल जाना (nikal jānā)</li><li>बिन बताए चुपके से वो वहाँ से कट गया।bin batāe cupke se vo vahā̃ se kaṭ gayā.Without telling he sneakily made off from there.</li></ul></li></ul>"
"Intransitive","काँप","<ul><li>to tremble</li><li>to shiver</li></ul>"
"Intransitive","गिर","<ul><li>to fall, to tumble</li><li>to decrease</li></ul>"
"Intransitive","घूम","<ul><li>(intransitive) to stroll, wander</li><li>(intransitive) to rotate, spin</li><li>(intransitive) to be dizzy</li></ul>"
"Intransitive","चमक","<ul><li>to shine</li><li>to glow</li></ul>"
"Intransitive","चल","<ul><li>to go, to move<ul><li>to walk, stroll (often with पैदल (paidal, “on foot”))</li><li>मैं पैदल चलके दुकान से घर लौट आया।ma͠i paidal calke dukān se ghar lauṭ āyā.I walked back home from the store.</li><li>to come</li><li>to turn (a wheel)</li><li>to blow, moan (the wind)</li><li>आज हवाएँ तेज़ चल रही है। ― āj havāẽ tez cal rahī hai. ― Today the wind is blowing hard.</li></ul></li><li>to function, work (a machine)<ul><li>मेरा फ़ोन कभी सही नहीं चलता है!merā fon kabhī sahī nahī̃ caltā hai!My phone never works right!</li><li>Synonym: काम करना (kām karnā)</li></ul></li><li>to progress, advance; to move along<ul><li>काम ठीक ही चल रहा है। ― kām ṭhīk hī cal rahā hai. ― The work is moving along.</li></ul></li><li>to continue, carry on</li><li>to leave, depart<ul><li>Synonym: जाना (jānā)</li></ul></li></ul>"
"Intransitive","छप","<ul><li>to be printed</li><li>to be stamped</li><li>to be published</li></ul>"
"Intransitive","छूट","<ul><li>to be released, discharged</li><li>to be missed, left behind<ul><li>हम से ट्रेन छूट गई। ― ham se ṭren chūṭ gaī. ― The train was missed by us.</li></ul></li><li>to be given up; to be dismissed, fired</li></ul>"
"Intransitive","जल","<ul><li>(intransitive) to burn, be on fire</li><li>(intransitive) to ignite</li></ul>"
"Intransitive","जान","<ul><li>to know, comprehend, understand<ul><li>मैं हिंदी काफ़ी अच्छी तरह से जानता हूँ।ma͠i hindī kāfī acchī tarah se jāntā hū̃.I know Hindi quite well.</li></ul></li><li>to be familiar with<ul><li>वह मुझे बचपन से जानती है।vah mujhe bacpan se jāntī hai.She has known me since childhood.</li></ul></li></ul>"
"Either","जीत","<ul><li>to win, conquer</li></ul>"
"Either","जी","<ul><li>to live</li></ul>"
"Intransitive","झूम","<ul><li>to sway</li><li>to rock</li><li>to wave</li><li>to swing</li></ul>"
"Intransitive","टपक","<ul><li>to drip, drop<ul><li>नल बंद करने के बावजूद, पानी का टपकना नहीं रुका।nal band karne ke bāvjūd, pānī kā ṭapaknā nahī̃ rukā.Despite closing the faucet, the water didn't stop dripping.</li></ul></li><li>to dribble</li><li>to leak, exude<ul><li>जब भी बारिश होती है, छत से पानी टपकता है।jab bhī bāriś hotī hai, chat se pānī ṭapaktā hai.Whenever it rains, water leaks from the ceiling.</li></ul></li><li>to fall (fruit)<ul><li>आम पेड़ से टपका ― ām peṛ se ṭapkā ― (please add an English translation of this usage example)</li></ul></li><li>to fall (from a roof &c.)<ul><li>ये तो वहीं हैं ना जो सातवी मंजिला से टपका थाye to vahī̃ ha͠i nā jo sātvī mañjilā se ṭapkā thā(please add an English translation of this usage example)</li></ul></li><li>(humorous) to die<ul><li>ये तो टपक गया ― ye to ṭapak gayā ― (please add an English translation of this usage example)</li></ul></li><li>to appear (suddenly)<ul><li>तू कहाँ से टपक पड़ा ― tū kahā̃ se ṭapak paṛā ― (please add an English translation of this usage example)</li></ul></li><li>to be evident with (as of emotions)<ul><li>उस मे से कमजोरी टपक रही ― us me se kamjorī ṭapak rahī ― (please add an English translation of this usage example)</li></ul></li><li>to be overflowing or abundant with (emotions, lust &c.)</li><li>to be overflowing or abundant with (youth &c.)</li><li>to long or to yearn (the heart)</li><li>to exude pre-ejaculate from arousal: to find someone sexually attractive<ul><li>लड़की को देखकर उसका तो टपक गया ― laṛkī ko dekhkar uskā to ṭapak gayā ― (please add an English translation of this usage example)</li></ul></li></ul>"
"Intransitive","टहल","<ul><li>to walk, stroll, saunter</li></ul>"
"Intransitive","टूट","<ul><li>to break, crack, snap, fracture, be broken<ul><li>प्याला अपने आप ही टूटा। ― pyālā apne āp hī ṭūṭā. ― The cup broke on its own.</li></ul></li><li>to be ended, ceased; to be severed (a relation)</li><li>to be disturbed, interrupted<ul><li>तुम्हारी वजह से मेरी नींद टूट गई।tumhārī vajah se merī nīnd ṭūṭ gaī.You disturbed my sleep.</li></ul></li><li>to be changed (money)</li></ul>"
"Intransitive","ठहर","<ul><li>to wait, stay, stop<ul><li>Synonym: रुकना (ruknā)</li></ul></li><li>to live, accommodate</li><li>to be fixed, stable</li><li>to be settled</li></ul>"
"Intransitive","डर","<ul><li>(intransitive) to fear</li></ul>"
"Intransitive","डूब","<ul><li>to dive, plunge</li><li>to drown</li><li>to set, sink<ul><li>Antonym: उगना (ugnā)</li><li>सूरज डूबता और उगता रहता है।sūraj ḍūbtā aur ugtā rahtā hai.The sun keeps on setting and rising.</li></ul></li><li>to be ruined, destroyed</li></ul>"
"Intransitive","तैर","<ul><li>to swim</li><li>to float</li></ul>"
"Intransitive","थक","<ul><li>to become tired, exhausted<ul><li>फ़ुटबॉल खेलके मैं थक गया।fuṭbŏl khelke ma͠i thak gayā.I became tired by playing football [soccer].</li></ul></li></ul>"
"Intransitive","दब","<ul><li>to be pressed down</li><li>to be squeezed, be rubbed, massaged (the feet)</li><li>to be crushed, to be buried<ul><li>दब मरना ― dab marnā ― to be crushed to death</li></ul></li><li>to subside, yield (under weight, pressure)</li><li>to be restrained, reluctant, furtive (in glance, step)<ul><li>दबे पाँव चलना ― dabe pā̃v calnā ― to walk or to move stealthily</li></ul></li><li>to be repressed (of feelings), subdued<ul><li>दबी ज़बान से ― dabī zabān se ― in a subdued voice; in a reluctant voice</li></ul></li><li>to be oppressed, submit (to control, authority), yield (to force)</li><li>to intimidated, overshadowed (in importance), to cower</li><li>to die down (as fire, epidemic), subside (as anger, or illness)</li><li>to be forgotten or shelved (a matter)</li><li>to be retrenched (in scope).</li><li>to be concealed, crouch down, lurk, vanish (of possessions), to be lost</li><li>to be withheld or usurped (a right, a possession)</li><li>to fall short (an amount).</li></ul>"
"Intransitive","दिख","<ul><li>to be seen</li></ul>"
"Intransitive","दौड़","<ul><li>to run<ul><li>Synonym: भागना (bhāgnā)</li></ul></li></ul>"
"Intransitive","धूल","Error: Word does not exist."
"Intransitive","नहा","<ul><li>to bathe, to take a bath</li></ul>"
"Intransitive","नाच","<ul><li>to dance</li><li>to dance<ul></ul></li></ul>"
"Intransitive","निकल","<ul><li>to emerge, come out, exit<ul><li>उसके आँखें से आँसू निकलने लगे।uske ā̃khẽ se ā̃sū nikalne lage.Tears began to emerge from his eyes.</li></ul></li><li>to depart, leave<ul><li>चलो, अब मुझे यहाँ से निकलना होगा।calo, ab mujhe yahā̃ se nikalnā hogā.Alright, I have to leave from here now.</li></ul></li><li>to escape, get out<ul><li>Synonyms: भागना (bhāgnā), बचना (bacnā)</li></ul></li><li>to be taken out, removed, extracted</li><li>to be lost<ul><li>हाथ से निकलना ― hāth se nikalnā ― to be lost from one's hands; to be fruitless</li></ul></li><li>to go ahead, move on</li></ul>"
"Intransitive","पड़","<ul><li>to fall, to fall down, to drop<ul><li>Synonym: गिरना (girnā)</li><li>बारिश अभी पड़ने लगी।bāriś abhī paṛne lagī.Rain just began to fall.</li><li>अपने घुटनों पे पड़नाapne ghuṭnõ pe paṛnāto fall on one's knees</li></ul></li><li>to lie, be strewn about<ul><li>खाना दीवारों पे कैसे पड़ा!?khānā dīvārõ pe kaise paṛā!?How did food become strewn on the walls!?</li><li>मेरा स्टेशन वहाँ पड़ता है।merā sṭeśan vahā̃ paṛtā hai.My train stop lies over there.</li></ul></li><li>to stay, inhabit<ul><li>Synonym: रहना (rahnā)</li></ul></li><li>to be hot or cold (of the weather)<ul><li>आजकल बहुत ठंड पड़ रही है।ājkal bahut ṭhaṇḍ paṛ rahī hai.It's getting really cold these days.</li></ul></li><li>to become<ul><li>Synonyms: होना (honā), हो जाना (ho jānā)</li><li>तुम्हारी आवाज़ धीमी क्यों पड़ गई?tumhārī āvāz dhīmī kyõ paṛ gaī?Why did your voice become quiet?</li></ul></li><li>to occur, happen<ul><li>Synonym: होना (honā)</li><li>इस शहर में कल खाने की कमी पड़ गई थी।is śahar mẽ kal khāne kī kamī paṛ gaī thī.A food shortage occurred in this city yesterday.</li><li>फ़रक़ पड़ना ― faraq paṛnā ― to make a difference</li></ul></li><li>to befall, happen to</li><li>to sum, stand (an amount of money)<ul><li>Synonym: लगना (lagnā)</li><li>दो रुपये का पड़ेगा।do rupye kā paṛegā.It will cost two rupees.</li></ul></li><li>to follow, accost<ul><li>... के पीछे पड़ना... ke pīche paṛnāto annoy, follow intently</li></ul></li><li>(modal auxiliary) must, will have to<ul><li>अब तो आपकी खिचड़ी खानी ही पड़ेगी।ab to āpkī khicṛī khānī hī paṛegī.Now I will have to try your khichdi.</li></ul></li><li>(compound verb) to do suddenly, abruptly<ul><li>वह हेलिकॉप्टर से कूद पड़ा।vah helikŏpṭar se kūd paṛā.He suddenly jumped from the helicopter.</li></ul></li></ul>"
"Intransitive","पहुँच","<ul><li>to arrive, reach<ul><li>हवाई जहाज़ दुबई तक पहुँचा है।havāī jahāz dubaī tak pahũcā hai.The airplane has reached as far as Dubai.</li></ul></li><li>to be felt<ul><li>तकलीफ़ पहुँचना ― taklīf pahũcnā ― to feel troubled</li></ul></li></ul>"
"Intransitive","फिर","<ul><li>to wander, sightsee<ul><li>Synonym: घूमना (ghūmnā)</li></ul></li><li>to turn</li><li>to stray, deviate<ul><li>उसका दिमाग़ फिर गया। ― uskā dimāġ phir gayā. ― He was not in his senses. (literally, “His mind wandered off.”)</li></ul></li></ul>"
"Intransitive","फुसफुसा","<ul><li>to whisper</li></ul>"
"Intransitive","बच","<ul><li>to be saved<ul><li>बालबाल बचा वो। ― bālbāl bacā vo. ― He was saved by a thin margin.</li></ul></li><li>to escape, survive<ul><li>आदमी डरावनी राक्षस से बच गया।ādmī ḍarāvnī rākṣas se bac gayā.The man escaped the scary demon.</li></ul></li><li>to evade<ul><li>पुलिस से बचना चाहते हो तो वहाँ छुप जाओ।pulis se bacnā cāhte ho to vahā̃ chup jāo.Hide there, if you want to escape the police.</li></ul></li><li>to watch out<ul><li>बचके रहना, यह जगह सुरक्षित नहीं है।backe rahnā, yah jagah surakṣit nahī̃ hai.Be careful, this place is not safe.</li></ul></li><li>to be left out<ul><li>सबको पैसे मिल गए बस एक मैं ही बच गयी।sabko paise mil gae bas ek ma͠i hī bac gayī.Everyone received their money, it's only me who's left out.</li></ul></li><li>to remain, to save money<ul></ul></li></ul>"
"Intransitive","बज","<ul><li>to ring, chime, make noise</li><li>to hit the hour<ul><li>तीन मिनट में दो बज जाएंगे।tīn minaṭ mẽ do baj jāeṅge.It will be  two o'clock in three minutes.</li></ul></li></ul>"
"Intransitive","बढ़","<ul><li>to increase (in amount or intensity)<ul><li>हमारी सेना की ताक़त रोज़ बढ़ रही है।hamārī senā kī tāqat roz baṛh rahī hai.The power of our army is growing every day.</li><li>देश में ग़रीबी बढ़ रही है।deś mẽ ġarībī baṛh rahī hai.Poverty is increasing in the nation.</li></ul></li><li>to grow, become larger (in size)<ul><li>पौधें बढ़ने लगे हैं। ― paudhẽ baṛhne lage ha͠i. ― The plants have begun to grow.</li></ul></li><li>to rise (e.g. price, temperature)</li><li>to develop, advance, progress</li><li>to flourish, thrive</li><li>(with आगे (āge)) to move ahead, continue<ul><li>चित्र को पूरी तरह से देखके वह आगे बढ़ा।citra ko pūrī tarah se dekhke vah āge baṛhā.After seeing the painting closely he moved on.</li></ul></li><li>to be extended, stretch out<ul><li>हाथ बढ़ना ― hāth baṛhnā ― for one's hand to be stretched out</li></ul></li></ul>"
"Either","बदल","<ul><li>to change, transform<ul><li>Synonyms: परिवर्तन होना (parivartan honā), तबदील होना (tabdīl honā)</li><li>मेरा पूरा नज़ारा बदल गया।merā pūrā nazārā badal gayā.My entire view changed.</li><li>कपड़े बदलना ― kapṛe badalnā ― to change clothes</li></ul></li><li>to transfer, change post<ul><li>स्कूल बदलना ― skūl badalnā ― to transfer to another school</li></ul></li></ul>"
"Intransitive","बस","<ul><li>to live in, inhabit, occupy<ul><li>मैं तीन साल से इस गांव में बसा हुआ हूँ।ma͠i tīn sāl se is gāmv mẽ basā huā hū̃.I've been living in this village for three years.</li><li>दिल में बसना ― dil mẽ basnā ― to live in one's heart</li></ul></li><li>to settle down, prosper<ul><li>बस जाना ― bas jānā ― to finally settle down</li></ul></li></ul>"
"Intransitive","बिक ","Error: Word does not exist."
"Intransitive","इबगड़","Error: Word does not exist."
"Intransitive","बीत","<ul><li>to happen, to occur</li><li>to elapse, pass (time)</li><li>(euphemistic) to die</li></ul>"
"Intransitive","बैठ","<ul><li>to sit</li><li>to relax, do nothing</li><li>(auxiliary) to do something carelessly<ul><li>वह अपना हाथ जला बैठा। ― vah apnā hāth jalā baiṭhā. ― He carelessly burnt his hand.</li></ul></li></ul>"
"Either","बोल","<ul><li>to speak, say<ul><li>Synonym: कहना (kahnā)</li><li>बोल, वरना मैं मां को बताऊंगा।bol, varnā ma͠i mā̃ ko batāūṅgā.Say it, or I'll tell mom!</li></ul></li><li>to tell [+ (object) को = to] [+ (object) से = to]</li></ul>"
"Intransitive","भर","<ul><li>(transitive):<ul><li>to fill, make full</li><li>बल्टी में पानी भरके यहाँ लाओ।balṭī mẽ pānī bharke yahā̃ lāo.Fill the bucket with water and bring it here.</li><li>to load a gun</li><li>to pour</li><li>Synonym: डालना (ḍālnā)</li><li>to cram in, insert</li><li>अटैची को सामान से जल्दी भर दे!aṭaicī ko sāmān se jaldī bhar de!Cram the luggage with stuff, quickly!</li><li>to complete, live out (one's life)</li><li>भर-भरके जीना ― bhar-bharke jīnā ― to live to the fullest</li><li>to pay entirely, pay in full</li><li>to coat, apply</li></ul></li><li>(intransitive):<ul><li>to be filled</li><li>to abound in, filled with</li><li>दिनभर ― dinbhar ― throughout the day</li><li>to be loaded, charged</li><li>to be applied</li><li>to have strong emotions, feel emotional</li><li>मन भरना ― man bharnā ― to be satisfied (literally, “to have a full heart”)</li><li>जी भर आना ― jī bhar ānā ― the soul to be moved</li></ul></li></ul>"
"Intransitive","भाग","<ul><li>to flee; run away; escape<ul><li>Synonyms: बचना (bacnā), निकलना (nikalnā)</li><li>भाग पाना ― bhāg pānā ― to be able to run</li></ul></li><li>to run<ul><li>Synonym: दौड़ना (dauṛnā)</li></ul></li><li>to elope<ul><li>प्रेमी के साथ भागना ― premī ke sāth bhāgnā ― to elope with a lover</li></ul></li></ul>"
"Intransitive","भीग","<ul><li>to be moistened, wet<ul><li>Synonyms: गीला होना (gīlā honā), तर होना (tar honā)</li><li>भीग जाना ― bhīg jānā ― to become wet</li></ul></li><li>to be washed<ul><li>Synonym: धुलना (dhulnā)</li></ul></li></ul>"
"Intransitive","भूल","<ul><li>to forget</li></ul>"
"Intransitive","भौंक","<ul><li>to bark</li></ul>"
"Intransitive","मच","Error: Word does not exist."
"Intransitive","मर","<ul><li>to die, be dead<ul><li>मेरा कुत्ता मर गया ― merā kuttā mar gayā ― My dog died</li></ul></li><li>to be captured (a piece in a game); to be out (as in a game)</li></ul>"
"Intransitive","मिल","<ul><li>to meet, encounter; have a meeting<ul><li>Synonym: भेंटना (bhẽṭnā)</li><li>जब मैं दुकान में था वह अचानक मुझसे मिलने आई।jab ma͠i dukān mẽ thā vah acānak mujhse milne āī.She suddenly came to meet me when I was at the store.</li><li>... से मिलना ― ... se milnā ― to meet with ...</li></ul></li><li>to be found<ul><li>Antonym: खो जाना (kho jānā)</li><li>मिल जाना ― mil jānā ― to have finally found</li><li>मुझको अपनी पेन्सिल नहीं मिली।mujhko apnī pensil nahī̃ milī.I didn't find my pencil.</li></ul></li><li>to be mixed, blended, combined</li><li>to receive, get; be given<ul><li>उसको बहुत इनाम मिले हैं। ― usko bahut inām mile ha͠i. ― He has been given many prizes.</li></ul></li><li>to match, seem alike; resemble<ul><li>शक़्ल मिलना ― śaqla milnā ― to look similar; to have similar faces</li></ul></li><li>to be in harmony, in tune; to get along</li></ul>"
"Intransitive","मुड़","<ul><li>(intransitive) to turn</li><li>(intransitive) to bend</li></ul>"
"Either","मुस्करा","Error: Word does not exist."
"Intransitive","रह","<ul><li>(copulative) to stay, remain<ul><li>यहीं रहो, मैं अभी आता हूँ।yahī̃ raho, ma͠i abhī ātā hū̃.Stay here, I'm coming in a second.</li></ul></li><li>to live (in a place), to reside<ul><li>मैं शिकागो में रहता हूँ।ma͠i śikāgo mẽ rahtā hū̃.I live in Chicago.</li></ul></li><li>to let alone, leave<ul><li>रहने दो। ― rahne do. ― Let it be.</li></ul></li><li>a aspectual auxiliary, marking the continuous aspect; to keep on ...<ul><li>अपना काम करते रहो, मैं टीवी कम आवाज़ पे लगाता हूँ।apnā kām karte raho, ma͠i ṭīvī kam āvāz pe lagātā hū̃.Keep on doing your work, I'll put the TV on low volume.</li></ul></li></ul>"
"Intransitive","रुक","<ul><li>to stop, to be stopped</li><li>to falter</li></ul>"
"Intransitive","रो","<ul><li>to cry</li><li>to weep</li></ul>"
"Intransitive","लग","<ul><li>to seem, appear<ul><li>मुझे लगता है कि आज बारिश होगी।mujhe lagtā hai ki āj bāriś hogī.It seems to me that it will rain today.</li></ul></li><li>to be perceived<ul><li>मैं कैसी लग रही हूँ? ― ma͠i kaisī lag rahī hū̃? ― How do I look [to you]?</li></ul></li><li>to be hit, shoved<ul><li>चोट लगना ― coṭ lagnā ― to get hurt</li><li>गोली लगना ― golī lagnā ― to be hit with a bullet</li></ul></li><li>to affix, apply<ul><li>तस्वीर इस दीवार पे लगनी चाहिए।tasvīr is dīvār pe lagnī cāhie.The photo should be placed on this wall.</li></ul></li><li>to pass, take, elapse (of time)<ul><li>कितने घंटे लगेंगे मुंबई पहुँचने में?kitne ghaṇṭe lageṅge mumbaī pahũcne mẽ?How long will it take to reach Mumbai?</li></ul></li><li>to be involved, engaged [+ (object) में = in]<ul><li>सारे छात्र काम में लगे हैं।sāre chātra kām mẽ lage ha͠i.All the students are busy in their work.</li></ul></li><li>to feel, experience (physical or abstract sensation)<ul><li>अंदर चलो, धूप में बैठकर प्यास लग रही है।andar calo, dhūp mẽ baiṭhkar pyās lag rahī hai.Let's go inside, I feel thirsty from sitting in the sun.</li><li>डर लगना ― ḍar lagnā ― to be afraid</li></ul></li><li>to adhere, stick<ul><li>Synonym: चिपकना (cipaknā)</li></ul></li><li>to develop<ul><li>Synonym: बनाना (banānā) (transitive)</li><li>आदत लगना ― ādat lagnā ― to develop a habit</li></ul></li><li>an auxiliary verb expressing beginning: to begin to<ul><li>मेरे घुटने में बहुत दर्द होने लगा है।mere ghuṭne mẽ bahut dard hone lagā hai.I have begun to ache in my knees.</li><li>शक करने लगना ― śak karne lagnā ― to begin to suspect</li></ul></li></ul>"
"Intransitive","ला","<ul><li>to bring<ul><li>Synonym: ले आना (le ānā)</li><li>मैं खाना लाया। ― ma͠i khānā lāyā. ― I brought food.</li></ul></li></ul>"
"Intransitive","लेट","<ul><li>to lie down, recline<ul><li>अलसी आराम करने के लिए लेट गयीalsī ārām karne ke lie leṭ gayīAlasi reclined to rest</li></ul></li><li>to yield</li></ul>"
"Either","समझ","<ul><li>to understand<ul><li>मैं आपकी बात नहीं समझा। ― ma͠i āpkī bāt nahī̃ samjhā. ― I don't understand what you're talking about.</li></ul></li><li>to comprehend</li><li>to perceive</li><li>to think, consider<ul><li>तुम अपने आप को समझते कौन हो?tum apne āp ko samajhte kaun ho?Who do you think you are?</li></ul></li></ul>"
"Intransitive","मुधर","Error: Word does not exist."
"Intransitive","सूझ","<ul><li>to be perceptible [+को to someone]</li><li>to appear, seem<ul><li>आपको यह कैसा सूझता है?āpko yah kaisā sūjhtā hai?How does this seem to you?</li></ul></li><li>to occur (to)<ul><li>उसे यह बात सूझ आईuse yah bāt sūjh āīthis thought occurred to him</li></ul></li></ul>"
"Intransitive","सो","<ul><li>gold<ul><li>सोना प्रायः खान से खोदकर निकाला जाता है।sonā prāyaḥ khān se khodkar nikālā jātā hai.Gold is usually dug out from a mine.</li></ul></li><li>to sleep<ul><li>सो जाना ― so jānā ― to fall asleep</li><li>सोने जाना ― sone jānā ― to go to bed, head to bed</li><li>सो पड़ना ― so paṛnā ― to suddenly fall asleep</li></ul></li><li>to repose</li><li>(euphemistic) to die (The addition of quotations indicative of this usage is being sought:)</li></ul>"
"Intransitive","हँस","<ul><li>to laugh, chuckle<ul><li>हँस जाना ― hãs jānā ― to laugh; to become happy, cheerful</li></ul></li><li>to smile<ul><li>Synonym: मुस्कुराना (muskurānā)</li></ul></li><li>to joke</li><li>to laugh [+ (object) पर = at], to make fun of</li><li>(figurative) to be attractive (of a scene)</li><li>to be unhealed (of a wound)</li></ul>"
"Intransitive","हिल","<ul><li>to move, to stir</li><li>to shake, to tremble</li><li>to swing, to sway</li><li>to be moved, agitated (as the heart)</li><li>to be able to make some effort on a problem etc.<ul><li>मुझ से गणित का एक भी सवाल नहीं हिला। ― mujh se gaṇit kā ek bhī savāl nahī̃ hilā. ― (please add an English translation of this usage example)</li></ul></li><li>to become acquainted or familiar, to become hooked up, to become habituated [+से (with)]<ul><li>गली के कुत्तों को खाना मत दो नहीं तो वे हिल जायेंगे। ― galī ke kuttõ ko khānā mat do nahī̃ to ve hil jāyeṅge. ― Don't give food to street dogs or they will be hooked up.</li></ul></li><li>to be tamed, trained</li></ul>"
"Intransitive","हो","<ul><li>(transitive, copulative) to be (used to indicate that the subject and object are the same)<ul><li>आपका नाम क्या है? ― āpkā nām kyā hai? ― What is your name?</li></ul></li><li>(transitive, copulative) to be, become (to have or gain the quality of)<ul><li>खाना बहुत बुरा है। ― khānā bahut burā hai. ― The food is very bad.</li><li>तुम गुस्सा हो क्या? ― tum gussā ho kyā? ― Are you angry?</li><li>वह बहुत ग़ुस्सा हुआ। ― vah bahut ġussā huā. ― He was/became very angry.</li></ul></li><li>(intransitive) to exist<ul><li>आस्तिक कहते है कि भगवान है।āstik kahte hai ki bhagvān hai.Theists say that God exists.</li></ul></li><li>(intransitive) to be born<ul><li>एक बच्चा हुआ। ― ek baccā huā. ― A child was born.</li><li>Synonyms: पैदा होना (paidā honā), जन्म लेना (janma lenā)</li></ul></li><li>(intransitive) to occur, happen, take place<ul><li>घर में एक मुसीबत हुई है। ― ghar mẽ ek musībat huī hai. ― A disaster has occurred at home.</li><li>क्या हुआ? ― kyā huā? ― What happened?</li><li>Synonyms: घटना (ghaṭnā), घटित होना (ghaṭit honā)</li></ul></li><li>(intransitive) to be (occupy a certain location)<ul><li>कहाँ है मेरा भतीजा ? ― kahā̃ hai merā bhatījā ? ― Where is my nephew?</li></ul></li><li>(intransitive) to result, have an effect<ul><li>अगर तू नहीं जीती तो क्या हुआ?agar tū nahī̃ jītī to kyā huā?What does it matter if you didn't win?</li><li>Synonym: फ़रक़ पड़ना (faraq paṛnā)</li></ul></li><li>(intransitive) to pass by, elapse<ul><li>दो साल हुए हैं जबसे मैंने नौकरी शुरू की है।do sāl hue ha͠i jabse ma͠ine naukrī śurū kī hai.Two years have elapsed since I started (my) job.</li></ul></li><li>(intransitive, with instrumental-case subject) to be done, committed<ul><li>मुझसे एक ग़लती हो गई है। ― mujhse ek ġaltī ho gaī hai. ― I have made a mistake. (literally, “A mistake has been committed by me.”)</li></ul></li><li>(intransitive) a tense auxiliary<ul><li>मैं खा रहा हूँ। ― ma͠i khā rahā hū̃. ― I am eating.</li><li>वह हवाईजहाज़ को देख रहा था।vah havāījhāz ko dekh rahā thā.He was watching the airplane.</li></ul></li><li>(intransitive) a modal auxiliary<ul><li>indicates the presumptive (a kind of irrealis) mood</li><li>उसने नाश्ता खाया होगा। ― usne nāśtā khāyā hogā. ― He probably ate/must have eaten breakfast.</li><li>to have to, must</li><li>मैं आज पार्टी में नहीं आ पाऊँगा, मुझे काम करना है।ma͠i āj pārṭī mẽ nahī̃ ā pāūṅgā, mujhe kām karnā hai.I can't come to the party today, I have to work.</li></ul></li><li>(intransitive) a conjunct verb turning any noun or adjective into a verb<ul><li>खड़ा होना ― khaṛā honā ― to stand up</li><li>बड़ा होना ― baṛā honā ― to grow up</li><li>कूल होना ― kūl honā ― to be cool</li><li>परेशान होना ― pareśān honā ― to be worried, anxious</li></ul></li><li>to be<ul></ul></li></ul>"
"Transitive","उठा","<ul><li>to lift, pick up, raise or remove; to pack up (one's things)</li><li>to set off, start, e.g a quarrel; to bring into being, hoist, erect</li><li>to rear, to foster; to hatch; to breed</li><li>to abscond, kidnap, steal</li><li>to bear(a burden, a responsibility), carry, to undertake (a task), incur (as risk, debt)</li><li>to awaken, arouse; to arouse (a feeling); to undergo, to experience (suffering)</li><li>to cause to disappear: to consume; to waste, to squander; to dispose of (as of a body)</li><li>to abolish; to discontinue (an action, a case); to close (premises, shops etc.)</li><li>to derive, to obtain, to enjoy (advantage, happiness)</li><li>to raise (a matter, an objection)</li><li>to lease, to rent; take in (harvest).</li><li>to work or to ferment in (as leaven)</li><li>to throw up, to cause to fly (a kite, a bird)</li></ul>"
"Transitive","उड़ा","<ul><li>to fly<ul><li>पतंग उड़ाना ― pataṅg uṛānā ― to fly a kite</li></ul></li><li>to explode, wipe out, destroy<ul><li>दुर्ग उड़ाना ― durg uṛānā ― to wipe out a fort</li></ul></li></ul>"
"Transitive","उतार","<ul><li>to take down, remove</li><li>to unload</li><li>to cause to alight, dismount</li><li>to cause to come down</li><li>to swallow</li><li>(computing) to download</li></ul>"
"Transitive","कमा","<ul><li>to earn</li></ul>"
"Transitive","कर","<ul><li>(transitive) to do (to perform or execute, to commit)<ul><li>कर देना ― kar denā ― to accomplish, complete</li><li>कर लेना ― kar lenā ― to do (for oneself), to decide and do</li><li>कर सकना ― kar saknā ― to be able to do</li><li>कर पाना ― kar pānā ― to have succeeded in doing</li><li>कर दिखाना ― kar dikhānā ― to show that it can be done, prove</li><li>फ़र्ज़ करना ― farz karnā ― to perform one's duty</li><li>तू क्या कर रहा है?tū kyā kar rahā hai?What are you doing?</li><li>कर्तव्य कर्म करना चाहिए। ― kartavya karm karnā cāhie. ― One must do the necessary work.</li><li>हम बनारस को तीर्थयात्रा करेंगे।ham banāras ko tīrthayātrā kareṅge.We will make a pilgrimage to Varanasi.</li></ul></li><li>(transitive) to work, do work<ul><li>उसकी बहन क्या करती है? ― uskī bahan kyā kartī hai? ― What work does his sister do?</li><li>Synonym: काम करना (kām karnā)</li></ul></li><li>(transitive) to make, create<ul><li>गड़बड़ी करना ― gaṛabṛī karnā ― to make a mess</li></ul></li><li>(transitive) to cause to become, to render<ul><li>मैं हमेशा आपकी सहायता करूँगा।ma͠i hameśā āpkī sahāytā karūṅgā.I will always render help to you.</li><li>फ्रेंच करना ― phrẽc karnā ― to render (translate) into French</li></ul></li><li>(transitive) to engage, involve, enlist, hire<ul><li>टैक्सी करना ― ṭaiksī karnā ― to hire a taxi</li></ul></li><li>(transitive) an element of a compound verb: makes most (especially borrowed) adjectives and nouns into verbs<ul><li>मैं जंप करते समय गिर पड़ा।ma͠i jamp karte samay gir paṛā.I fell while jumping.</li><li>साफ़ करना ― sāf karnā ― to clean</li><li>ग़लती करनाġaltī karnāto make a mistake; do incorrectly</li><li>डांस करना ― ḍāns karnā ― to dance</li><li>See Category:Hindi compound verbs with base verb करना for more.</li></ul></li><li>(transitive, auxiliary) to do habitually<ul><li>मैं रोज़ परिवार के साथ खाया करता था।ma͠i roz parivār ke sāth khāyā kartā thā.I used to eat with my family every day.</li></ul></li></ul>"
"Transitive","कह","<ul><li>to say [+को = to]<ul><li>वह उसको क्या कहने वाला है?vah usko kyā kahne vālā hai?What is he about to say to him?</li></ul></li><li>to speak</li><li>to tell</li><li>utterance, remark<ul><li>उसका कहना है कि ... ― uskā kahnā hai ki ... ― he remarked that ... (literally, “his remark was that ...”)</li></ul></li><li>order, command</li></ul>"
"Transitive","काट","<ul><li>to cut, slice<ul><li>तर्बूज़े को काटकर चाकू वापस रख देना।tarbūze ko kāṭkar cākū vāpas rakh denā.Keep the knife back after cutting the watermelon.</li></ul></li><li>(taxation) to deduct<ul><li>उसे टीडीएस काटकर ही पैसे देना।use ṭīḍīes kāṭkar hī paise denā.Give him money only after deducting TDS (tax deducted at source).</li></ul></li><li>(business) to write out (a check)<ul><li>Synonym: चेक फाड़ना (cek phāṛnā)</li></ul></li><li>(card games) to deal out cards<ul><li>पत्ते काटो, हम रमी खेलेंगे!patte kāṭo, ham ramī kheleṅge!Deal the cards, we'll play rummy!</li></ul></li><li>to chafe</li><li>to remove, strike off<ul><li>Synonym: हटाना (haṭānā)</li></ul></li><li>to reduce, lessen<ul><li>Synonyms: कम करना (kam karnā), अल्प करना (alp karnā)</li></ul></li><li>to interrupt; to cross (one's path); to cut off</li><li>to get across, to find a path</li><li>to bite<ul><li>छोटे बच्चे ने अपने बाप को हाथ पे काटा।choṭe bacce ne apne bāp ko hāth pe kāṭā.The child bit his father on the hand.</li></ul></li><li>to spend (one's money, time, etc.)<ul><li>Synonyms: खर्च करना (kharc karnā), व्यय करना (vyay karnā), स्पेंड करना (speṇḍ karnā), उड़ाना (uṛānā), उड़ा देना (uṛā denā)</li><li>क्यों यूँ अपना समय काट रहे हो? कुछ काम क्यों नहीं कर लेते!kyõ yū̃ apnā samay kāṭ rahe ho? kuch kām kyõ nahī̃ kar lete!Why are you spending your time like this? Why don't you do some work!</li></ul></li><li>to steal<ul><li>Synonyms: चुराना (curānā), चोरी करना (corī karnā), सुमड़ी में लेना (sumṛī mẽ lenā), उड़ा लेना (uṛā lenā)</li><li>जब कोई नहीं देख रहा था, तब उसने राहगीर की जेब से दो सौ रुपये काट लिए।jab koī nahī̃ dekh rahā thā, tab usne rāhgīr kī jeb se do sau rupye kāṭ lie.When no one was watching, he stole two hundred rupees from traveller's pocket.</li></ul></li><li>(idiomatic) to scrape along<ul><li>क्या कहूँ, बस काट रहा हूँ।kyā kahū̃, bas kāṭ rahā hū̃.What should I say, I'm just scraping along.</li></ul></li></ul>"
"Transitive","ख़रीद","<ul><li>to buy, to purchase<ul><li>लड़के ने किताब ख़रीदी।laṛke ne kitāb xarīdī.The boy bought a book.</li></ul></li></ul>"
"Transitive","खा","<ul><li>food, meal<ul><li>इस होटल में अच्छा खाना मिल सकता है।is hoṭal mẽ acchā khānā mil saktā hai.You can get good food in this hotel.</li></ul></li><li>to eat, subsist on<ul><li>हिन्दू धर्म के अनुसार, गाय का माँस नहीं खाना चाहिए।hindū dharm ke anusār, gāy kā mā̃s nahī̃ khānā cāhie.According to the Hindu religion, you should not eat beef.</li></ul></li><li>(idiomatic) to obtain (usually by wrong means)<ul><li>पैसे खाना ― paise khānā ― to obtain money by wrong means</li></ul></li><li>to accept, receive (often of physical violence)<ul><li>थप्पड़ खाना ― thappaṛ khānā ― to be slapped</li></ul></li><li>nuqtaless form of ख़ाना (xānā)</li><li>place</li><li>food</li><li>compartment</li></ul>"
"Transitive","खिला","<ul><li>to cause to eat, to feed</li><li>to cause to play</li><li>to cause to bloom; to cause to expand or to spread; to cause to burst or to crack</li></ul>"
"Transitive","खींच","<ul><li>to pull<ul><li>रस्सी को पत्थर से बांधके खींचो।rassī ko patthar se bāndhke khī̃co.Tie the rope to the rock and pull.</li></ul></li><li>to stretch</li><li>to draw tight</li><li>to shoot, take a picture<ul><li>तस्वीर खींचना ― tasvīr khī̃cnā ― to take a picture</li></ul></li></ul>"
"Transitive","खेल","<ul><li>to play (a game, a sport)</li><li>Alternative spelling of खेलन (khelana), from खेलन (khelana) +‎ -आ (-ā)</li></ul>"
"Transitive","खोल","<ul><li>to open<ul><li>Antonym: बंद करना (band karnā)</li><li>खोल आना ― khol ānā ― to open and come back</li><li>बक्सा खोलना ― baksā kholnā ― to open a box</li><li>दुकान खोलना ― dukān kholnā ― to open a shop, start a business</li></ul></li><li>to untie, unfasten, let loose<ul><li>Antonym: बाँधना (bāndhnā)</li><li>नाव खोलना ― nāv kholnā ― to unmoor a boat</li><li>घोड़ा खोलना ― ghoṛā kholnā ― to let a horse free</li><li>हथियार खोलना ― hathiyār kholnā ― to unarm (oneself)</li><li>फ़ीते खोलके ही जूते उतारना।fīte kholke hī jūte utārnā.Take off your shoes only once you've untied your laces.</li></ul></li><li>to reveal, expose [+ (object) पर = to someone]<ul><li>राज़ खोलना ― rāz kholnā ― to reveal a secret</li></ul></li><li>to turn on (a device)<ul><li>Antonym: बंद करना (band karnā)</li><li>टीवी खोलना ― ṭīvī kholnā ― to turn on a TV</li></ul></li><li>to end, break (event)<ul><li>व्रत खोलना ― vrat kholnā ― to break a fast</li></ul></li></ul>"
"Transitive","गँवा","<ul><li>to waste</li><li>to lose</li></ul>"
"Transitive","गा","<ul><li>song<ul><li>Synonym: गीत (gīt)</li></ul></li><li>to sing</li></ul>"
"Transitive","गिरा","<ul><li>to drop; to let fall</li><li>to fell</li></ul>"
"Transitive","गुज़ार","<ul><li>to pass (time)</li><li>to pass away</li></ul>"
"Transitive","घुमा","<ul><li>to roll (to cause to revolve)</li><li>to spin (to cause to rotate)</li><li>to tour (to show a tourist a place)</li></ul>"
"Transitive","चला","<ul><li>to cause to walk; to move<ul><li>(शतरंज में) हाथी को चार कदम आगे चलाओ।(śatrañj mẽ) hāthī ko cār kadam āge calāo.(In chess) Move the rook four steps ahead.</li></ul></li><li>to drive (a vehicle)<ul><li>मैंने गाड़ी चलाई थी। ― ma͠ine gāṛī calāī thī. ― I had driven a car.</li></ul></li><li>to run, manage<ul><li>मेरा दोस्त दुकान चलाता है।merā dost dukān calātā hai.My friend runs a shop.</li></ul></li></ul>"
"Transitive","चाह","<ul><li>to want, desire<ul><li>तू क्या करना चाहता है?tū kyā karnā cāhtā hai?What do you want to do?</li><li>मैं बड़ा होके वैज्ञानिक बनना चाहता हूँ।ma͠i baṛā hoke vaijñānik bannā cāhtā hū̃.I want to be a scientist when I grow up.</li></ul></li><li>to wish</li><li>(modal) should, ought to<ul><li>मुझे जाना चाहिये।mujhe jānā cāhiye.I should go.</li></ul></li></ul>"
"Transitive","चिढ़ा","<ul><li>to irritate, tense, annoy<ul><li>मुँह चिढ़ाना ― mũh ciṛhānā ― to jeer</li></ul></li></ul>"
"Transitive","चुन","<ul><li>to choose, pluck</li><li>to gather</li><li>to elect</li><li>to arrange</li></ul>"
"Transitive","छू","<ul><li>to touch, to feel<ul><li>Synonym: (formal) स्पर्श करना (sparś karnā)</li></ul></li></ul>"
"Transitive","छोड़","<ul><li>to release, let go</li><li>to pardon, condone</li><li>to leave, abandon, quit<ul><li>नितिन ने अपनी नौकरी छोड़ दी।nitin ne apnī naukrī choṛ dī.Nitin quit his job.</li><li>भारत छोड़ो आंदोलन ― bhārat choṛo āndolan ― Quit India Movement</li><li>मेरा हाँथ छोड़ो। ― merā hā̃th choṛo. ― Let go of my hand.</li></ul></li></ul>"
"Transitive","जगा","<ul><li>to awaken, rouse from sleep</li></ul>"
"Transitive","जला","<ul><li>(transitive) to burn</li><li>to set fire to, kindle</li><li>to inflame, excite</li><li>to light, turn on a light</li></ul>"
"Transitive","जान","<ul><li>to know, comprehend, understand<ul><li>मैं हिंदी काफ़ी अच्छी तरह से जानता हूँ।ma͠i hindī kāfī acchī tarah se jāntā hū̃.I know Hindi quite well.</li></ul></li><li>to be familiar with<ul><li>वह मुझे बचपन से जानती है।vah mujhe bacpan se jāntī hai.She has known me since childhood.</li></ul></li></ul>"
"Transitive","जीत","<ul><li>to win, conquer</li></ul>"
"Transitive","जोड़","<ul><li>to join, connect, link</li><li>(arithmetic) to add<ul><li>Antonym: घटाना (ghaṭānā)</li></ul></li><li>(neologism, Internet) to hyperlink</li></ul>"
"Transitive","डाँट","<ul><li>to scold, rebuke</li><li>to threaten</li><li>to restrain, hold back</li></ul>"
"Transitive","डाल","<ul><li>to put, place<ul><li>समान वहीं कहीं डाल दीजिए।samān vahī̃ kahī̃ ḍāl dījie.Put the stuff anywhere over there.</li></ul></li><li>to pour<ul><li>चाय में और दूध डाल। ― cāy mẽ aur dūdh ḍāl. ― Pour more milk in the tea.</li></ul></li><li>to coat, apply</li><li>to place</li><li>to record, note</li><li>an auxiliary verb: indicates speed or recklessness<ul><li>उसने दो-तीन किताबें एक दिन में पढ़ डालीं।usne do-tīn kitābẽ ek din mẽ paṛh ḍālī̃.He quickly read two or three books in a single day.</li><li>मार डालना ― mār ḍālnā ― to kill (in cold blood)</li></ul></li></ul>"
"Transitive","ढूँढ़","<ul><li>seek, search for, look for; to find<ul><li>Synonyms: खोजना (khojnā), तलाश करना (talāś karnā)</li><li>ढूँढ़ निकालना ― ḍhū̃ṛh nikālnā ― to find out, to reveal</li></ul></li><li>to explore; to investigate<ul><li>Synonym: अन्वेषण करना (anveṣaṇ karnā)</li></ul></li><li>to find out; to figure out<ul><li>Synonym: पता लगाना (patā lagānā)</li></ul></li><li>to discover<ul><li>Synonym: पता लगाना (patā lagānā)</li></ul></li></ul>"
"Transitive","तोड़","<ul><li>to break, snap</li><li>to destroy, crush</li><li>to break (a promise or vow)<ul><li>मैं अपना वचन कभी नहीं तोड़ूँगा।ma͠i apnā vacan kabhī nahī̃ toṛūṅgā.I will never break my word.</li></ul></li></ul>"
"Transitive","दिलवा","<ul><li>to cause to be given</li></ul>"
"Transitive","देख","<ul><li>to see, look, watch<ul><li>तू क्या देख रहा है?tū kyā dekh rahā hai?What are you looking at?</li></ul></li><li>to consider, ponder</li><li>to meet<ul><li>Synonym: मिलना (milnā)</li></ul></li><li>to look after, take care<ul><li>Synonyms: ध्यान रखना (dhyān rakhnā), सम्हलना (samhalnā)</li></ul></li></ul>"
"Transitive","दे","<ul><li>to give, grant, award<ul><li>Antonym: लेना (lenā)</li><li>मैंने अपने भाई को किताब दी।ma͠ine apne bhāī ko kitāb dī.I gave my brother the book.</li><li>मैं उधार के पैसे नहीं दे पाऊंगा।ma͠i udhār ke paise nahī̃ de pāūṅgā.I won't be able to give the money for the loan.</li><li>छुट्टी देना ― chuṭṭī denā ― to grant a leave</li></ul></li><li>to lay (eggs), give birth to<ul><li>मुर्ग़ अंडे देने लगी है। ― murġ aṇḍe dene lagī hai. ― The chicken has begun to lay eggs.</li></ul></li><li>to orate, deliver<ul><li>प्रोफेसर लेक्चर कितने बजे देंगे?prophesar lekcar kitne baje deṅge?When will the professor deliver the lecture?</li></ul></li><li>to pay<ul><li>ध्यान दो! ― dhyān do! ― Pay attention!</li></ul></li><li>(following an oblique infinitive verb) to allow, let<ul><li>मुझे करने दो। ― mujhe karne do. ― Let me do [it].</li><li>हम तुझे जाने नहीं देंगे। ― ham tujhe jāne nahī̃ deṅge. ― We will not allow you to leave.</li><li>दिल धड़कने दो। ― dil dhaṛakne do. ― Allow the heart to beat.</li></ul></li><li>auxiliary verb: to finally do; finish doing<ul><li>इस बोतल पानी से भर दो ― is botal pānī se bhar do ― Fill (completely) this bottle with water.</li><li>चल देना ― cal denā ― to finally leave</li></ul></li><li>to give<ul></ul></li><li>an auxiliary verb</li></ul>"
"Transitive","दो","Error: Word does not exist."
"Transitive","धो","<ul><li>to wash</li><li>to cleanse</li><li>(Bombay Hindi, slang) to beat up, thrash<ul><li>पब्लिक ने आरोपी को पुलिस के समाने ही जमकर धोया! मासूम बच्ची से दुष्कर्म का किया था प्रयासpablik ne āropī ko pulis ke samāne hī jamkar dhoyā! māsūm baccī se duṣkarm kā kiyā thā prayāsThe public thrashed the accused right in front of the police! An attempt was made to rape an innocent girl.</li></ul></li></ul>"
"Transitive","निकाल","<ul><li>to remove, take out</li><li>to extract</li></ul>"
"Transitive","पकड़","<ul><li>to hold</li><li>to seize</li><li>to catch</li><li>to clutch<ul><li>Synonym: थामना (thāmnā)</li></ul></li></ul>"
"Transitive","पढ़","<ul><li>to read<ul><li>आज मैने किताब पढ़ी।āj maine kitāb paṛhī.Today I read a book.</li></ul></li><li>to study, learn<ul><li>Synonym: सीखना (sīkhnā)</li></ul></li><li>to recite; to read out (an announcement, a poem)<ul><li>Synonym: बाँचना (bā̃cnā)</li><li>कविता पढ़ना ― kavitā paṛhnā ― to recite a poem</li><li>जरा और जौर से पढ़ो कि हमको भी सुनाई दे।jarā aur jaur se paṛho ki hamko bhī sunāī de.Read a little louder so that we can also hear.</li></ul></li></ul>"
"Transitive","पढ़ा","<ul><li>to teach<ul><li>Synonym: सिखाना (sikhānā)</li></ul></li></ul>"
"Transitive","पहन","<ul><li>to wear (clothes)<ul><li>कपड़े पहनना ― kapṛe pahannā ― to wear clothes, get dressed</li></ul></li></ul>"
"Transitive","पहुँचा","<ul><li>to convey, transmit; cause to feel<ul><li>उस डाकू ने आप लोग पर बहुत नुक़सान पहुँचाया होगा।us ḍākū ne āp log par bahut nuqsān pahũcāyā hogā.That dacoit must have caused you much suffering.</li></ul></li><li>to carry, transfer<ul><li>मैंने बच्चों को स्कूल पहुँचाया।ma͠ine baccõ ko skūl pahũcāyā.I dropped the kids to school.</li></ul></li></ul>"
"Transitive","पा","<ul><li>to get, receive<ul><li>काश मैंने अच्छी शिक्षा पाई।kāś ma͠ine acchī śikṣā pāī.If only I had received a good education.</li></ul></li><li>to obtain<ul><li>Synonym: हासिल करना (hāsil karnā)</li></ul></li><li>to win, gain, achieve<ul></ul></li><li>to find</li><li>to perceive</li><li>(modal verb) to manage to<ul><li>आलू के बिना मैं खाना नहीं बना पाऊंगा।ālū ke binā ma͠i khānā nahī̃ banā pāūṅgā.I won't be able to cook without potatoes.</li></ul></li><li>to equal</li></ul>"
"Transitive","पी","<ul><li>to drink</li><li>to consume, to smoke</li><li>to suppress emotion</li><li>to drain time or resources</li><li>to calmly tolerate</li></ul>"
"Transitive","पूछ","<ul><li>(transitive) to ask, enquire<ul><li>उस कुत्ते से पूछो वह अपने आप को कौन समझता है!us kutte se pūcho vah apne āp ko kaun samajhtā hai!Ask that cheat who he thinks he is!</li></ul></li></ul>"
"Transitive","फाड़","Error: Word does not exist."
"Transitive","बचा","<ul><li>to save, rescue</li><li>to defend, protect<ul><li>Synonym: रक्षा करना (rakṣā karnā)</li></ul></li><li>to save up, store<ul><li>मैं पैसे बचाने की कोशिश कर रहा हूँ।ma͠i paise bacāne kī kośiś kar rahā hū̃.I'm trying to save up money.</li></ul></li><li>to avoid, avert (e.g. one's gaze)<ul><li>हय भगवान, अपनी आँखें बचाओ।hay bhagvān, apnī ā̃khẽ bacāo.Oh my God, avert your eyes.</li></ul></li></ul>"
"Transitive","बजा","<ul><li>(transitive) to cause to be sounded<ul><li>to play (an instrument)</li><li>to strike (a drum)</li><li>to clap</li></ul></li><li>to shoot, fire</li></ul>"
"Transitive","बता","<ul><li>to tell, explain</li><li>to indicate, show</li></ul>"
"Transitive","बदल","<ul><li>to change, transform<ul><li>Synonyms: परिवर्तन होना (parivartan honā), तबदील होना (tabdīl honā)</li><li>मेरा पूरा नज़ारा बदल गया।merā pūrā nazārā badal gayā.My entire view changed.</li><li>कपड़े बदलना ― kapṛe badalnā ― to change clothes</li></ul></li><li>to transfer, change post<ul><li>स्कूल बदलना ― skūl badalnā ― to transfer to another school</li></ul></li></ul>"
"Transitive","बना","<ul><li>to make, create, produce<ul><li>मशीनें बनाना ― maśīnẽ banānā ― to make machines</li></ul></li><li>to cause to be, make<ul><li>उल्लू बनाना ― ullū banānā ― to make into a fool</li><li>जहाज़ का कप्तान बनाना ― jahāz kā kaptān banānā ― to make into the captain of the ship</li><li>दोस्त बनाना ― dost banānā ― to make friends</li></ul></li><li>to turn into, form<ul><li>झूठ को सच बनाना ― jhūṭh ko sac banānā ― to make a lie true</li></ul></li></ul>"
"Transitive","बाँट","<ul><li>Alternative spelling of बांटना (bāṇṭnā)</li></ul>"
"Transitive","बिठा","<ul><li>to seat (someone else)</li></ul>"
"Transitive","बुला","<ul><li>to shout</li><li>to call out</li><li>to call</li><li>to invite</li><li>to summon<ul><li>प्रबंधक ने उसे अपने कार्यालय में बुलाया।prabandhak ne use apne kāryālay mẽ bulāyā.The manager summoned him to her office.</li></ul></li></ul>"
"Transitive","बेच","<ul><li>to sell (to agree to transfer goods or provide services)</li><li>to play, dance, amuse oneself<ul><li>Synonym: अस्सना (assanā)</li></ul></li></ul>"
"Transitive","भेज","<ul><li>to send<ul><li>Synonym: पठाना (paṭhānā)</li><li>ईमेल भेजना ― īmel bhejnā ― to send an email</li><li>कल मैं तुम्हें एक पत्र भेजूँगा।kal ma͠i tumhẽ ek patra bhejūṅgā.I will send you a letter tomorrow.</li></ul></li></ul>"
"Transitive","मँगवा","<ul><li>to order (e.g. food, a drink, goods)<ul><li>फ़्लिपकार्ट से कुछ सामान मँगवाना है।flipkārṭ se kuch sāmān maṅgvānā hai.We have to order some stuff from Flipkart.</li></ul></li><li>to cause to be asked for, requested</li></ul>"
"Transitive","मान","<ul><li>to accept, agree<ul><li>उसने मेरी बात नहीं मानी। ― usne merī bāt nahī̃ mānī. ― He did not agree with me.</li></ul></li><li>to acknowledge</li><li>to suppose, imagine<ul><li>मान लो कि उसको पता चला, तो क्या करोगे?mān lo ki usko patā calā, to kyā karoge?Suppose that she finds out, then what will you do?</li></ul></li><li>to respect, accept one's authority</li></ul>"
"Transitive","मार","<ul><li>to beat, hit, strike, knock<ul><li>गुंडे ने मुझे पीट पे बहुत ज़ोर से मारा।guṇḍe ne mujhe pīṭ pe bahut zor se mārā.The goon hit me in the back forcefully.</li></ul></li><li>to hammer</li><li>to kill, murder<ul><li>मार डालना ― mār ḍālnā ― to kill</li></ul></li><li>(sports) to hit, serve, strike<ul><li>फ़ुटबॉल इधर मारो! ― fuṭbŏl idhar māro! ― Hit the soccer ball here!</li></ul></li><li>to destroy</li></ul>"
"Transitive","मिला","<ul><li>to unite, bring together</li><li>to cause to meet</li><li>to join</li><li>to mix, blend<ul><li>तेल और पानी मिलाना ― tel aur pānī milānā ― to mix oil and water</li></ul></li><li>to dial<ul><li>फ़ोन मिलाना ― fon milānā ― to call on the phone</li></ul></li><li>(arithmetic) to add<ul><li>दो से दो मिलाना ― do se do milānā ― to add two and two; to understand something</li></ul></li></ul>"
"Transitive","रख","<ul><li>to keep, to have<ul><li>तुम बच्चे अपने साथ रखो।tum bacce apne sāth rakho.Keep the kids with you.</li></ul></li><li>to put</li></ul>"
"Transitive","रोक","<ul><li>to stop, halt, block</li><li>to restrain, prevent, hinder</li></ul>"
"Transitive","लगा","<ul><li>to put, spread, apply, affix<ul><li>मक्खन लगाना ― makkhan lagānā ― to apply butter</li></ul></li><li>to add</li><li>to slap, strike</li></ul>"
"Transitive","लाद","<ul><li>to load, apply a burden, impose<ul><li>Antonym: उतारना (utārnā)</li><li>गधे पर सामान लादना ― gadhe par sāmān lādnā ― to load goods on a donkey 's back</li><li>टैक्स लादना ― ṭaiks lādnā ― to impose further taxes</li></ul></li></ul>"
"Transitive","लिख","<ul><li>to write</li><li>to write<ul><li>मैं चिट्ठी लिखने की कोशिश कर रहा हूँ, पर शब्द नहीं मिल रहें।ma͠i ciṭṭhī likhne kī kośiś kar rahā hū̃, par śabd nahī̃ mil rahẽ.I'm trying to write a letter, but I can't find the words.</li></ul></li></ul>"
"Transitive","लिटा","Error: Word does not exist."
"Transitive","लूट","<ul><li>to loot, steal, plunder<ul></ul></li><li>to fraud</li></ul>"
"Transitive","लेन","Error: Word does not exist."
"Transitive","समझा","<ul><li>to explain, convince<ul><li>आप बेठिए, मैं उसे पूरी बात समझाऊँगा।āp beṭhie, ma͠i use pūrī bāt samjhāūṅgā.Sit, I will explain the entire matter to him.</li></ul></li></ul>"
"Transitive","सिख","Error: Word does not exist."
"Transitive","सुधार","<ul><li>to improve, better</li><li>to rectify, correct</li><li>to fix</li></ul>"
"Transitive","सुन","<ul><li>to listen, hear</li><li>(figuratively) to take abuse passively, to bear, suffer silently<ul><li>गाली सुनना ― gālī sunnā ― to bear insults</li></ul></li></ul>"
"Transitive","सुना","<ul><li>to tell, convey</li><li>to narrate</li><li>to rebuke, to scold</li></ul>"
"Transitive","सुला","<ul><li>to put to sleep; tuck in<ul><li>बच्चों को सुलाने में क़रीब दो घंटे लगे।baccõ ko sulāne mẽ qarīb do ghaṇṭe lage.It took nearly two hours to put the children to sleep.</li></ul></li></ul>"
"Transitive","सोच","<ul><li>to think, ponder<ul><li>किस चीज़ के बारे में सोच रहे हो?kis cīz ke bāre mẽ soc rahe ho?What are you thinking about?</li></ul></li></ul>"
"Transitive","हँसा","<ul><li>to make laugh, entertain</li></ul>"
